tullyeva,Tully.Eva@bush.edu,Tully,Eva,Goodluck!,BUSHSCHOOL_CPJAVA
lukehallam,Luke.Hallam@bush.edu,Luke,Hallam,Goodluck!,BUSHSCHOOL_CPJAVA
ethanmondri,Ethan.Mondri@bush.edu,Ethan,Mondri,Goodluck!,BUSHSCHOOL_CPJAVA
