wsally,Sally.Wolff@bush.edu,sally,wolff,cpjava2020,BUSHSCHOOL_CPJAVA
cgus,Augustus.Crowley@bush.edu,gus,crowley,cpjava2020,BUSHSCHOOL_CPJAVA
ymizuki,mizuki.yates@bush.edu,mizuki,yates,cpjava2020,BUSHSCHOOL_CPJAVA
rroman,Roman.Rothstein@bush.edu,roman,rothstein,cpjava2020,BUSHSCHOOL_CPJAVA
hzubin,Zubin.Hydrie@bush.edu,zubin,hydrie,cpjava2020,BUSHSCHOOL_CPJAVA
bchloe,Chloe.Bright@bush.edu,chloe,bright,cpjava2020,BUSHSCHOOL_CPJAVA
lisaac,Isaac.Lyss-Loren@bush.edu,isaac,loren,cpjava2020,BUSHSCHOOL_CPJAVA
jhannah,HannahRhea.Jiang@bush.edu,hannah,jiang,cpjava2020,BUSHSCHOOL_CPJAVA